{
    "openapi": "3.0.2",
    "info": {
        "version": "1.0.0",
        "title": "Testing swagger",
        "termsOfService": "http://swagger.io/terms/",
        "contact": {
            "email": ""
        },
        "license": {
            "name": "Apache 2.0",
            "url": "http://www.apache.org/licenses/LICENSE-2.0.html"
        }
    },
    "servers": [
        {
            "url": "http://localhost:3000"
        }
    ],
    "security": [
        {
            "bearerAuth": []
        }
    ],
    "paths": {
        "/users/userRegister": {
            "post": {
                "tags": [
                    "USER"
                ],
                "summary": "Method used to register",
                "security": [],
                "requestBody": {
                    "required": true,
                    "content": {
                        "application/json": {
                            "schema": {
                                "required": [
                                    "contentType"
                                ],
                                "properties": {
                                    "language": {
                                        "type": "string",
                                        "default": "en"
                                    },
                                    "userName": {
                                        "type": "string",
                                        "default": "Neeraj Mehra"
                                    },
                                    "email": {
                                        "type": "string",
                                        "default": "test@gmail.com"
                                    },
                                    "password": {
                                        "type": "string",
                                        "default": "****"
                                    },
                                    "address": {
                                        "type": "string",
                                        "default": "Indore MP"
                                    },
                                    "countryCode": {
                                        "type": "string",
                                        "default": "+91"
                                    },
                                    "phoneNumber": {
                                        "type": "string",
                                        "default": "91441889**"
                                    }
                                }
                            }
                        }
                    }
                },
                "responses": {
                    "200": {
                        "content": {
                            "application/json": {
                                "schema": {
                                    "type": "object",
                                    "properties": {
                                        "status": {
                                            "type": "boolean"
                                        },
                                        "message": {
                                            "type": "string"
                                        },
                                        "data": {
                                            "type": "object"
                                        }
                                    }
                                }
                            }
                        }
                    },
                    "default": {
                        "description": "unexpected error"
                    }
                }
            }
        },
        "/users/userLogin": {
            "post": {
                "tags": [
                    "USER"
                ],
                "summary": "Method used login user",
                "security": [],
                "requestBody": {
                    "required": true,
                    "content": {
                        "application/json": {
                            "schema": {
                                "required": [
                                    "contentType"
                                ],
                                "properties": {
                                    "language": {
                                        "type": "string",
                                        "default": "en"
                                    },
                                    "email": {
                                        "type": "string",
                                        "default": "test@gmail.com"
                                    },
                                    "password": {
                                        "type": "string",
                                        "default": "12345678"
                                    }
                                }
                            }
                        }
                    }
                },
                "responses": {
                    "200": {
                        "content": {
                            "application/json": {
                                "schema": {
                                    "type": "object",
                                    "properties": {
                                        "status": {
                                            "type": "boolean"
                                        },
                                        "message": {
                                            "type": "string"
                                        },
                                        "data": {
                                            "type": "object"
                                        }
                                    }
                                }
                            }
                        }
                    },
                    "default": {
                        "description": "unexpected error"
                    }
                }
            }
        },
        "/users/changePassword": {
            "patch": {
                "tags": [
                    "USER"
                ],
                "summary": "Method used change user password",
                "requestBody": {
                    "required": true,
                    "content": {
                        "application/json": {
                            "schema": {
                                "required": [
                                    "contentType"
                                ],
                                "properties": {
                                    "language": {
                                        "type": "string",
                                        "default": "en"
                                    },
                                    "oldPassword": {
                                        "type": "string",
                                        "default": "test@gmail.com"
                                    },
                                    "newPassword": {
                                        "type": "string",
                                        "default": "12345678"
                                    }
                                }
                            }
                        }
                    }
                },
                "responses": {
                    "200": {
                        "content": {
                            "application/json": {
                                "schema": {
                                    "type": "object",
                                    "properties": {
                                        "status": {
                                            "type": "boolean"
                                        },
                                        "message": {
                                            "type": "string"
                                        },
                                        "data": {
                                            "type": "object"
                                        }
                                    }
                                }
                            }
                        }
                    },
                    "default": {
                        "description": "unexpected error"
                    }
                }
            }
        },
        "/users/getUserDetail": {
            "get": {
                "tags": [
                    "USER"
                ],
                "summary": "Method used to get user details by id",
                "parameters": [
                    {
                        "name": "language",
                        "default": "en",
                        "in": "query",
                        "required": true,
                        "type": "string"
                    }
                ],
                "responses": {
                    "200": {
                        "content": {
                            "application/json": {
                                "schema": {
                                    "type": "object",
                                    "properties": {
                                        "status": {
                                            "type": "boolean"
                                        },
                                        "message": {
                                            "type": "string"
                                        },
                                        "data": {
                                            "type": "object"
                                        }
                                    }
                                }
                            }
                        }
                    },
                    "default": {
                        "description": "unexpected error"
                    }
                }
            }
        },
        "/users/updateUserDetail": {
            "put": {
                "tags": [
                    "USER"
                ],
                "summary": "Method used to update user data",
                "requestBody": {
                    "required": true,
                    "content": {
                        "application/json": {
                            "schema": {
                                "required": [
                                    "contentType"
                                ],
                                "properties": {
                                    "language": {
                                        "type": "string",
                                        "default": "en"
                                    },
                                    "userName": {
                                        "type": "string",
                                        "default": "Neeraj Mehra"
                                    },
                                    "address": {
                                        "type": "string",
                                        "default": "Indore MP"
                                    },
                                    "countryCode": {
                                        "type": "string",
                                        "default": "+91"
                                    },
                                    "phoneNumber": {
                                        "type": "string",
                                        "default": "91441889**"
                                    }
                                }
                            }
                        }
                    }
                },
                "responses": {
                    "200": {
                        "content": {
                            "application/json": {
                                "schema": {
                                    "type": "object",
                                    "properties": {
                                        "status": {
                                            "type": "boolean"
                                        },
                                        "message": {
                                            "type": "string"
                                        },
                                        "data": {
                                            "type": "object"
                                        }
                                    }
                                }
                            }
                        }
                    },
                    "default": {
                        "description": "unexpected error"
                    }
                }
            }
        },
        "/users/getUserList": {
            "post": {
                "tags": [
                    "USER"
                ],
                "summary": "Method used to get all user list with filter and paginations",
                "security": [],
                "requestBody": {
                    "required": true,
                    "content": {
                        "application/json": {
                            "schema": {
                                "required": [
                                    "contentType"
                                ],
                                "properties": {
                                    "language": {
                                        "type": "string",
                                        "default": "en"
                                    },
                                    "search": {
                                        "type": "string",
                                        "default": "Neeraj Mehra"
                                    },
                                    "page": {
                                        "type": "number",
                                        "default": 1
                                    },
                                    "perPage": {
                                        "type": "number",
                                        "default": 10
                                    }
                                }
                            }
                        }
                    }
                },
                "responses": {
                    "200": {
                        "content": {
                            "application/json": {
                                "schema": {
                                    "type": "object",
                                    "properties": {
                                        "status": {
                                            "type": "boolean"
                                        },
                                        "message": {
                                            "type": "string"
                                        },
                                        "data": {
                                            "type": "object"
                                        }
                                    }
                                }
                            }
                        }
                    },
                    "default": {
                        "description": "unexpected error"
                    }
                }
            }
        },
        "/users/deleteUser": {
            "delete": {
                "tags": [
                    "USER"
                ],
                "summary": "Method used to delete user",
                "parameters": [
                    {
                        "name": "language",
                        "default": "en",
                        "in": "query",
                        "required": true,
                        "type": "string"
                    }
                ],
                "responses": {
                    "200": {
                        "content": {
                            "application/json": {
                                "schema": {
                                    "type": "object",
                                    "properties": {
                                        "status": {
                                            "type": "boolean"
                                        },
                                        "message": {
                                            "type": "string"
                                        },
                                        "data": {
                                            "type": "object"
                                        }
                                    }
                                }
                            }
                        }
                    },
                    "default": {
                        "description": "unexpected error"
                    }
                }
            }
        },
        "/users/upload": {
            "post": {
                "tags": [
                    "USER"
                ],
                "summary": "Upload a profile image",
                "description": "This API allows users to upload a profile image. The uploaded file is stored on the server, and the file path is saved in the database.",
                "requestBody": {
                    "required": true,
                    "content": {
                        "multipart/form-data": {
                            "schema": {
                                "type": "object",
                                "required": [
                                    "profileImage"
                                ],
                                "properties": {
                                    "previousFile": {
                                        "type": "string",
                                        "description": "Previos uploaded image for delete"
                                    },
                                    "profileImage": {
                                        "type": "string",
                                        "format": "binary",
                                        "description": "The image file to upload"
                                    }
                                }
                            }
                        }
                    }
                },
                "responses": {
                    "200": {
                        "description": "File uploaded successfully",
                        "content": {
                            "application/json": {
                                "schema": {
                                    "type": "object",
                                    "properties": {
                                        "status": {
                                            "type": "boolean",
                                            "example": true
                                        },
                                        "message": {
                                            "type": "string",
                                            "example": "File uploaded successfully"
                                        },
                                        "data": {
                                            "type": "object",
                                            "properties": {
                                                "_id": {
                                                    "type": "string",
                                                    "example": "65a9b3f2d12e5c1234abcd56"
                                                },
                                                "userName": {
                                                    "type": "string",
                                                    "example": "John Doe"
                                                },
                                                "profileImage": {
                                                    "type": "string",
                                                    "example": "uploads/profileImage_1700000000000.jpg"
                                                }
                                            }
                                        }
                                    }
                                }
                            }
                        }
                    },
                    "400": {
                        "description": "Bad Request - No file uploaded",
                        "content": {
                            "application/json": {
                                "schema": {
                                    "type": "object",
                                    "properties": {
                                        "status": {
                                            "type": "boolean",
                                            "example": false
                                        },
                                        "message": {
                                            "type": "string",
                                            "example": "No file uploaded"
                                        }
                                    }
                                }
                            }
                        }
                    },
                    "500": {
                        "description": "Internal Server Error",
                        "content": {
                            "application/json": {
                                "schema": {
                                    "type": "object",
                                    "properties": {
                                        "status": {
                                            "type": "boolean",
                                            "example": false
                                        },
                                        "message": {
                                            "type": "string",
                                            "example": "Something went wrong!"
                                        }
                                    }
                                }
                            }
                        }
                    }
                }
            }
        },
        "/users/upload": {
            "post": {
                "tags": [
                    "USER"
                ],
                "summary": "Upload a profile image",
                "description": "This API allows users to upload a profile image. The uploaded file is stored on the server, and the file path is saved in the database.",
                "requestBody": {
                    "required": true,
                    "content": {
                        "multipart/form-data": {
                            "schema": {
                                "type": "object",
                                "required": [
                                    "profileImage"
                                ],
                                "properties": {
                                    "language": {
                                        "type": "string",
                                        "description": "en"
                                    },
                                    "previousFile": {
                                        "type": "string",
                                        "description": "Previos uploaded image for delete"
                                    },
                                    "profileImage": {
                                        "type": "string",
                                        "format": "binary",
                                        "description": "The image file to upload"
                                    }
                                }
                            }
                        }
                    }
                },
                "responses": {
                    "200": {
                        "description": "File uploaded successfully",
                        "content": {
                            "application/json": {
                                "schema": {
                                    "type": "object",
                                    "properties": {
                                        "status": {
                                            "type": "boolean",
                                            "example": true
                                        },
                                        "message": {
                                            "type": "string",
                                            "example": "File uploaded successfully"
                                        },
                                        "data": {
                                            "type": "object"
                                        }
                                    }
                                }
                            }
                        }
                    },
                    "400": {
                        "description": "Bad Request - No file uploaded",
                        "content": {
                            "application/json": {
                                "schema": {
                                    "type": "object",
                                    "properties": {
                                        "status": {
                                            "type": "boolean",
                                            "example": false
                                        },
                                        "message": {
                                            "type": "string",
                                            "example": "No file uploaded"
                                        }
                                    }
                                }
                            }
                        }
                    },
                    "500": {
                        "description": "Internal Server Error",
                        "content": {
                            "application/json": {
                                "schema": {
                                    "type": "object",
                                    "properties": {
                                        "status": {
                                            "type": "boolean",
                                            "example": false
                                        },
                                        "message": {
                                            "type": "string",
                                            "example": "Something went wrong!"
                                        }
                                    }
                                }
                            }
                        }
                    }
                }
            }
        }
    },
    "components": {
        "securitySchemes": {
            "bearerAuth": {
                "type": "http",
                "scheme": "bearer",
                "bearerFormat": "JWT"
            }
        }
    }
}